{
	"ambientocclusion": false,
	"textures": {
		"1": "block/bamboo_stalk_top",
		"particle": "block/bamboo_stalk",
		"all": "block/bamboo_stalk"
	},
	"elements": [
		{
			"from": [7, 0, 7],
			"to": [9, 16, 9],
			"faces": {
				"north": {"uv": [1, 0, 3, 16], "texture": "#all"},
				"east": {"uv": [1, 0, 3, 16], "texture": "#all"},
				"south": {"uv": [1, 0, 3, 16], "texture": "#all"},
				"west": {"uv": [1, 0, 3, 16], "texture": "#all"},
				"up": {"uv": [7, 10, 9, 12], "texture": "#1", "cullface": "up"},
				"down": {"uv": [7, 10, 9, 12], "texture": "#1", "cullface": "down"}
			}
		}
	]
}