{
	"ambientocclusion": false,
	"textures": {
		"particle": "block/bamboo_small_leaves",
		"texture": "block/bamboo_small_leaves"
	},
	"elements": [
		{
			"from": [8, 0, 1],
			"to": [8, 16, 7],
			"shade": false,
			"rotation": {"angle": 0, "axis": "y", "origin": [8, 0, 8]},
			"faces": {
				"east": {"uv": [9, 0, 15, 16], "texture": "#texture", "tintindex": 0},
				"west": {"uv": [1, 0, 7, 16], "texture": "#texture", "tintindex": 0}
			}
		},
		{
			"from": [8, 0, 9],
			"to": [8, 16, 15],
			"shade": false,
			"rotation": {"angle": 0, "axis": "y", "origin": [8, 0, 8]},
			"faces": {
				"east": {"uv": [1, 0, 7, 16], "texture": "#texture", "tintindex": 0},
				"west": {"uv": [9, 0, 15, 16], "texture": "#texture", "tintindex": 0}
			}
		},
		{
			"from": [9, 0, 8],
			"to": [15, 16, 8],
			"shade": false,
			"rotation": {"angle": 0, "axis": "y", "origin": [8, 0, 8]},
			"faces": {
				"north": {"uv": [1, 0, 7, 16], "texture": "#texture", "tintindex": 0},
				"south": {"uv": [9, 0, 15, 16], "texture": "#texture", "tintindex": 0}
			}
		},
		{
			"from": [1, 0, 8],
			"to": [7, 16, 8],
			"shade": false,
			"rotation": {"angle": 0, "axis": "y", "origin": [8, 0, 8]},
			"faces": {
				"north": {"uv": [9, 0, 15, 16], "texture": "#texture", "tintindex": 0},
				"south": {"uv": [1, 0, 7, 16], "texture": "#texture", "tintindex": 0}
			}
		}
	]
}