{
	"parent": "block/block",
	"textures": {
		"amethyst": "block/calibrated_sculk_sensor_amethyst",
		"particle": "block/sculk_sensor_bottom",
		"bottom": "block/sculk_sensor_bottom",
		"side": "block/sculk_sensor_side",
		"calibrated_side": "block/calibrated_sculk_sensor_input_side",
		"tendrils": "block/sculk_sensor_tendril_inactive",
		"top": "block/calibrated_sculk_sensor_top"
	},
	"elements": [
		{
			"from": [0, 0, 0],
			"to": [16, 8, 16],
			"faces": {
				"north": {"uv": [0, 8, 16, 16], "texture": "#side", "cullface": "north"},
				"east": {"uv": [0, 8, 16, 16], "texture": "#side", "cullface": "east"},
				"south": {"uv": [0, 8, 16, 16], "texture": "#calibrated_side", "cullface": "south"},
				"west": {"uv": [0, 8, 16, 16], "texture": "#side", "cullface": "west"},
				"up": {"uv": [0, 0, 16, 16], "texture": "#top"},
				"down": {"uv": [0, 0, 16, 16], "texture": "#bottom", "cullface": "down"}
			}
		},
		{
			"from": [8, 8, 0],
			"to": [8, 24, 16],
			"shade": false,
			"rotation": {"angle": 45, "axis": "y", "origin": [8, 9, 8], "rescale": true},
			"faces": {
				"east": {"uv": [0, 0, 16, 16], "texture": "#amethyst"},
				"west": {"uv": [0, 0, 16, 16], "texture": "#amethyst"}
			}
		},
		{
			"from": [0, 8, 8],
			"to": [16, 24, 8],
			"shade": false,
			"rotation": {"angle": 45, "axis": "y", "origin": [8, 9, 8], "rescale": true},
			"faces": {
				"north": {"uv": [0, 0, 16, 16], "texture": "#amethyst"},
				"south": {"uv": [0, 0, 16, 16], "texture": "#amethyst"}
			}
		},
		{
			"from": [15, 22, 15],
			"to": [1, 8, 1],
			"shade": false,
			"rotation": {"angle": 45, "axis": "y", "origin": [8, 15, 8]},
			"faces": {
				"north": {"uv": [1, 16, 15, 2], "texture": "#tendrils"},
				"east": {"uv": [15, 16, 1, 2], "texture": "#tendrils"},
				"south": {"uv": [1, 16, 15, 2], "texture": "#tendrils"},
				"west": {"uv": [15, 16, 1, 2], "texture": "#tendrils"}
			}
		},
		{
			"from": [1, 8, 1],
			"to": [15, 22, 15],
			"shade": false,
			"rotation": {"angle": 45, "axis": "y", "origin": [8, 15, 8]},
			"faces": {
				"north": {"uv": [1, 2, 15, 16], "texture": "#tendrils"},
				"east": {"uv": [15, 2, 1, 16], "texture": "#tendrils"},
				"south": {"uv": [1, 2, 15, 16], "texture": "#tendrils"},
				"west": {"uv": [15, 2, 1, 16], "texture": "#tendrils"}
			}
		}
	],
	"gui_light": "front",
	"display": {
		"thirdperson_lefthand": {
			"rotation": [75, -45, 0],
			"translation": [0, 2.5, 0],
			"scale": [0.375, 0.375, 0.375]
		},
		"gui": {
			"rotation": [30, 45, 0],
			"scale": [0.625, 0.625, 0.625]
		},
		"head": {
			"rotation": [0, -180, 0]
		}
	},
	"groups": [
		0,
		{
			"name": "amethyst",
			"origin": [8, 9, 8],
			"color": 0,
			"children": [1, 2]
		},
		{
			"name": "tendrils",
			"origin": [8, 15, 8],
			"color": 0,
			"children": [3, 4]
		}
	]
}