{
	"parent": "block/block",
	"ambientocclusion": false,
	"textures": {
		"particle": "block/chorus_plant",
		"texture": "block/chorus_plant"
	},
	"elements": [
		{
			"from": [2, 0, 2],
			"to": [14, 16, 14],
			"faces": {
				"north": {"uv": [2, 0, 14, 16], "texture": "#texture"},
				"east": {"uv": [2, 0, 14, 16], "texture": "#texture"},
				"south": {"uv": [2, 0, 14, 16], "texture": "#texture"},
				"west": {"uv": [2, 0, 14, 16], "texture": "#texture"},
				"up": {"uv": [2, 2, 14, 14], "texture": "#texture"},
				"down": {"uv": [14, 14, 2, 2], "texture": "#texture"}
			}
		}
	]
}