{
	"ambientocclusion": false,
	"textures": {
		"2": "block/hopper_outside",
		"particle": "block/hopper_outside",
		"top": "block/hopper_top",
		"inside": "block/hopper_inside"
	},
	"elements": [
		{
			"from": [4, 4, 4],
			"to": [12, 10, 12],
			"faces": {
				"north": {"uv": [4, 6, 12, 12], "texture": "#2"},
				"east": {"uv": [4, 6, 12, 12], "texture": "#2"},
				"south": {"uv": [4, 6, 12, 12], "texture": "#2"},
				"west": {"uv": [4, 6, 12, 12], "texture": "#2"},
				"down": {"uv": [4, 4, 12, 12], "texture": "#inside"}
			}
		},
		{
			"from": [6, 4, 0],
			"to": [10, 8, 4],
			"faces": {
				"north": {"uv": [6, 8, 10, 12], "texture": "#2", "cullface": "north"},
				"east": {"uv": [12, 8, 16, 12], "texture": "#2"},
				"west": {"uv": [0, 8, 4, 12], "texture": "#2"},
				"up": {"uv": [6, 0, 10, 4], "texture": "#2"},
				"down": {"uv": [6, 12, 10, 16], "texture": "#inside"}
			}
		},
		{
			"from": [14, 16, 14],
			"to": [2, 11, 2],
			"faces": {
				"north": {"uv": [14, 0, 2, 5], "rotation": 180, "texture": "#2"},
				"east": {"uv": [14, 0, 2, 5], "rotation": 180, "texture": "#2"},
				"south": {"uv": [14, 0, 2, 5], "rotation": 180, "texture": "#2"},
				"west": {"uv": [14, 0, 2, 5], "rotation": 180, "texture": "#2"},
				"up": {"uv": [2, 2, 14, 14], "texture": "#inside"}
			}
		},
		{
			"from": [0, 10, 0],
			"to": [16, 16, 16],
			"faces": {
				"north": {"uv": [0, 0, 16, 6], "texture": "#2"},
				"east": {"uv": [0, 0, 16, 6], "texture": "#2"},
				"south": {"uv": [0, 0, 16, 6], "texture": "#2"},
				"west": {"uv": [0, 0, 16, 6], "texture": "#2"},
				"up": {"uv": [0, 0, 16, 16], "texture": "#top"},
				"down": {"uv": [0, 0, 16, 16], "texture": "#inside"}
			}
		}
	]
}