{
  "variants": {
    "": [
      {
        "model": "minecraft:block/sculk_0"
      },
      {
        "model": "minecraft:block/sculk_mirrored_0"
      },
      {
        "model": "minecraft:block/sculk_0",
        "y": 180
      },
      {
        "model": "minecraft:block/sculk_mirrored_0",
        "y": 180
      },
	  
	  {
        "model": "minecraft:block/sculk_1"
      },
      {
        "model": "minecraft:block/sculk_mirrored_1"
      },
      {
        "model": "minecraft:block/sculk_1",
        "y": 180
      },
      {
        "model": "minecraft:block/sculk_mirrored_1",
        "y": 180
      },
	  
	  {
        "model": "minecraft:block/sculk_2"
      },
      {
        "model": "minecraft:block/sculk_mirrored_2"
      },
      {
        "model": "minecraft:block/sculk_2",
        "y": 180
      },
      {
        "model": "minecraft:block/sculk_mirrored_2",
        "y": 180
      },
	  
	  {
        "model": "minecraft:block/sculk_3"
      },
      {
        "model": "minecraft:block/sculk_mirrored_3"
      },
      {
        "model": "minecraft:block/sculk_3",
        "y": 180
      },
      {
        "model": "minecraft:block/sculk_mirrored_3",
        "y": 180
      }
    ]
  }
}