{
  "variants": {
    "pickles=1,waterlogged=false": [
      {
        "model": "minecraft:block/sea_pickle_1_dead"
      },
      {
        "model": "minecraft:block/sea_pickle_1_dead",
        "y": 90
      },
      {
        "model": "minecraft:block/sea_pickle_1_dead",
        "y": 180
      },
      {
        "model": "minecraft:block/sea_pickle_1_dead",
        "y": 270
      }
    ],
    "pickles=1,waterlogged=true": [
      {
        "model": "minecraft:block/sea_pickle_1"
      },
      {
        "model": "minecraft:block/sea_pickle_1",
        "y": 90
      },
      {
        "model": "minecraft:block/sea_pickle_1",
        "y": 180
      },
      {
        "model": "minecraft:block/sea_pickle_1",
        "y": 270
      }
    ],
    "pickles=2,waterlogged=false": [
      {
        "model": "minecraft:block/sea_pickle_2_dead"
      },
      {
        "model": "minecraft:block/sea_pickle_2_dead",
        "y": 90
      },
      {
        "model": "minecraft:block/sea_pickle_2_dead",
        "y": 180
      },
      {
        "model": "minecraft:block/sea_pickle_2_dead",
        "y": 270
      }
    ],
    "pickles=2,waterlogged=true": [
      {
        "model": "minecraft:block/sea_pickle_2"
      },
      {
        "model": "minecraft:block/sea_pickle_2",
        "y": 90
      },
      {
        "model": "minecraft:block/sea_pickle_2",
        "y": 180
      },
      {
        "model": "minecraft:block/sea_pickle_2",
        "y": 270
      }
    ],
    "pickles=3,waterlogged=false": [
      {
        "model": "minecraft:block/sea_pickle_3_dead"
      },
      {
        "model": "minecraft:block/sea_pickle_3_dead",
        "y": 90
      },
      {
        "model": "minecraft:block/sea_pickle_3_dead",
        "y": 180
      },
      {
        "model": "minecraft:block/sea_pickle_3_dead",
        "y": 270
      }
    ],
    "pickles=3,waterlogged=true": [
      {
        "model": "minecraft:block/sea_pickle_3"
      },
      {
        "model": "minecraft:block/sea_pickle_3",
        "y": 90
      },
      {
        "model": "minecraft:block/sea_pickle_3",
        "y": 180
      },
      {
        "model": "minecraft:block/sea_pickle_3",
        "y": 270
      }
    ],
    "pickles=4,waterlogged=false": [
      {
        "model": "minecraft:block/sea_pickle_4_dead"
      },
      {
        "model": "minecraft:block/sea_pickle_4_dead",
        "y": 90
      },
      {
        "model": "minecraft:block/sea_pickle_4_dead",
        "y": 180
      },
      {
        "model": "minecraft:block/sea_pickle_4_dead",
        "y": 270
      }
    ],
    "pickles=4,waterlogged=true": [
      {
        "model": "minecraft:block/sea_pickle_4"
      },
      {
        "model": "minecraft:block/sea_pickle_4",
        "y": 90
      },
      {
        "model": "minecraft:block/sea_pickle_4",
        "y": 180
      },
      {
        "model": "minecraft:block/sea_pickle_4",
        "y": 270
      }
    ]
  }
}