{
  "type": "minecraft:chest",
  "random_sequence": "repurposed_structures:chests",
  "pools": [
    {
      "rolls": {
        "min": 0.0,
        "max": 1.0,
        "type": "minecraft:uniform"
      },
      "entries": [
        {
          "name": "endrem:old_eye",
          "type": "minecraft:item",
          "weight": 1
        }
      ]
    },
    {
      "rolls": {
        "min": 2.0,
        "max": 5.0,
        "type": "minecraft:uniform"
      },
      "entries": [
        {
          "type": "minecraft:item",
          "weight": 6,
          "functions": [
            {
              "function": "minecraft:set_count",
              "count": {
                "min": 1.0,
                "max": 3.0,
                "type": "minecraft:uniform"
              }
            }
          ],
          "name": "minecraft:diamond"
        },
        {
          "type": "minecraft:item",
          "weight": 20,
          "functions": [
            {
              "function": "minecraft:set_count",
              "count": {
                "min": 1.0,
                "max": 9.0,
                "type": "minecraft:uniform"
              }
            }
          ],
          "name": "minecraft:iron_ingot"
        },
        {
          "type": "minecraft:item",
          "weight": 10,
          "functions": [
            {
              "function": "minecraft:set_count",
              "count": {
                "min": 2.0,
                "max": 7.0,
                "type": "minecraft:uniform"
              }
            }
          ],
          "name": "minecraft:gold_ingot"
        },
        {
          "type": "minecraft:item",
          "weight": 15,
          "functions": [
            {
              "function": "minecraft:set_count",
              "count": {
                "min": 1.0,
                "max": 5.0,
                "type": "minecraft:uniform"
              }
            }
          ],
          "name": "minecraft:emerald"
        },
        {
          "type": "minecraft:item",
          "weight": 25,
          "functions": [
            {
              "function": "minecraft:set_count",
              "count": {
                "min": 4.0,
                "max": 6.0,
                "type": "minecraft:uniform"
              }
            }
          ],
          "name": "minecraft:bone"
        },
        {
          "type": "minecraft:item",
          "weight": 25,
          "functions": [
            {
              "function": "minecraft:set_count",
              "count": {
                "min": 1.0,
                "max": 3.0,
                "type": "minecraft:uniform"
              }
            }
          ],
          "name": "minecraft:spider_eye"
        },
        {
          "type": "minecraft:item",
          "weight": 25,
          "functions": [
            {
              "function": "minecraft:set_count",
              "count": {
                "min": 3.0,
                "max": 7.0,
                "type": "minecraft:uniform"
              }
            }
          ],
          "name": "minecraft:rotten_flesh"
        },
        {
          "type": "minecraft:item",
          "weight": 20,
          "name": "minecraft:saddle"
        },
        {
          "type": "minecraft:item",
          "weight": 15,
          "name": "minecraft:iron_horse_armor"
        },
        {
          "type": "minecraft:item",
          "weight": 10,
          "name": "minecraft:golden_horse_armor"
        },
        {
          "type": "minecraft:item",
          "weight": 5,
          "name": "minecraft:diamond_horse_armor"
        },
        {
          "type": "minecraft:item",
          "weight": 30,
          "functions": [
            {
              "function": "minecraft:enchant_randomly"
            }
          ],
          "name": "minecraft:book"
        },
        {
          "type": "minecraft:item",
          "weight": 20,
          "name": "minecraft:golden_apple"
        },
        {
          "type": "minecraft:item",
          "weight": 2,
          "name": "minecraft:enchanted_golden_apple"
        },
        {
          "type": "minecraft:empty",
          "weight": 10
        }
      ]
    },
    {
      "rolls": 4,
      "entries": [
        {
          "type": "minecraft:item",
          "weight": 10,
          "functions": [
            {
              "function": "minecraft:set_count",
              "count": {
                "min": 1.0,
                "max": 8.0,
                "type": "minecraft:uniform"
              }
            }
          ],
          "name": "minecraft:bone"
        },
        {
          "type": "minecraft:item",
          "weight": 10,
          "functions": [
            {
              "function": "minecraft:set_count",
              "count": {
                "min": 1.0,
                "max": 8.0,
                "type": "minecraft:uniform"
              }
            }
          ],
          "name": "minecraft:gunpowder"
        },
        {
          "type": "minecraft:item",
          "weight": 10,
          "functions": [
            {
              "function": "minecraft:set_count",
              "count": {
                "min": 1.0,
                "max": 8.0,
                "type": "minecraft:uniform"
              }
            }
          ],
          "name": "minecraft:rotten_flesh"
        },
        {
          "type": "minecraft:item",
          "weight": 10,
          "functions": [
            {
              "function": "minecraft:set_count",
              "count": {
                "min": 1.0,
                "max": 8.0,
                "type": "minecraft:uniform"
              }
            }
          ],
          "name": "minecraft:string"
        },
        {
          "type": "minecraft:item",
          "weight": 10,
          "functions": [
            {
              "function": "minecraft:set_count",
              "count": {
                "min": 1.0,
                "max": 8.0,
                "type": "minecraft:uniform"
              }
            }
          ],
          "name": "minecraft:podzol"
        }
      ]
    },
    {
      "rolls": 1,
      "bonus_rolls": 0.0,
      "entries": [
        {
          "type": "minecraft:empty",
          "weight": 6
        },
        {
          "name": "minecraft:dune_armor_trim_smithing_template",
          "type": "minecraft:item",
          "functions": [
            {
              "add": false,
              "count": 2.0,
              "function": "minecraft:set_count"
            }
          ]
        }
      ]
    },
    {
      "rolls": 1,
      "entries": [
        {
          "type": "minecraft:loot_table",
          "name": "repurposed_structures:chests/lucky_pool"
        }
      ]
    },
    {
      "rolls": 0,
      "bonus_rolls": 1,
      "entries": [
        {
          "type": "minecraft:empty",
          "weight": 130
        },
        {
          "name": "minecraft:orange_banner",
          "type": "minecraft:item",
          "weight": 30,
          "functions": [
            {
              "function":"set_nbt",
              "tag":"{BlockEntityTag:{Patterns:[{Pattern:bri,Color:13},{Pattern:ss,Color:13},{Pattern:flo,Color:15},{Pattern:flo,Color:15},{Pattern:flo,Color:13},{Pattern:gru,Color:12},{Pattern:bt,Color:15},{Pattern:bt,Color:15},{Pattern:bt,Color:12},{Pattern:bts,Color:15},{Pattern:bts,Color:12},{Pattern:gra,Color:15}]}}"
            }
          ]
        },
        {
          "name": "minecraft:diamond_horse_armor",
          "type": "minecraft:item",
          "weight": 5
        },
        {
          "type": "minecraft:item",
          "name": "minecraft:potion",
          "weight": 5,
          "functions": [
            {
              "function": "minecraft:set_nbt",
              "tag": "{Potion:\"minecraft:regeneration\"}"
            }
          ]
        }
      ]
    }
  ]
}