{
	"ambientocclusion": false,
	"textures": {
		"particle": "block/flower_pot",
		"flowerpot": "block/flower_pot"
	},
	"elements": [
		{
			"name": "inside",
			"from": [10, 6, 10],
			"to": [6, 1, 6],
			"faces": {
				"north": {"uv": [6, 15, 10, 10], "texture": "#flowerpot"},
				"east": {"uv": [6, 15, 10, 10], "texture": "#flowerpot"},
				"south": {"uv": [6, 15, 10, 10], "texture": "#flowerpot"},
				"west": {"uv": [6, 15, 10, 10], "texture": "#flowerpot"},
				"up": {"uv": [6, 1, 10, 5], "texture": "#flowerpot"}
			}
		},
		{
			"name": "outside",
			"from": [5, 0, 5],
			"to": [11, 6, 11],
			"faces": {
				"north": {"uv": [5, 10, 11, 16], "texture": "#flowerpot"},
				"east": {"uv": [5, 10, 11, 16], "texture": "#flowerpot"},
				"south": {"uv": [5, 10, 11, 16], "texture": "#flowerpot"},
				"west": {"uv": [5, 10, 11, 16], "texture": "#flowerpot"},
				"up": {"uv": [5, 5, 11, 11], "texture": "#flowerpot"},
				"down": {"uv": [5, 0, 11, 6], "texture": "#flowerpot", "cullface": "down"}
			}
		}
	]
}