
{
    "type": "minecraft:chest",
    "random_sequence": "repurposed_structures:chests",
    "pools": [
        {
            "rolls": {
                "min": 0.0,
                "max": 1.0,
                "type": "minecraft:uniform"
            },
            "entries": [
                {
                    "name": "endrem:corrupted_eye",
                    "type": "minecraft:item",
                    "weight": 3.0
                }
            ]
        },
        {
            "rolls": {
                "min": 0.0,
                "max": 1.0,
                "type": "minecraft:uniform"
            },
            "entries": [
                {
                    "name": "minecraft:crossbow",
                    "type": "minecraft:item"
                }
            ]
        },
        {
            "rolls": {
                "min": 2.0,
                "max": 3.0,
                "type": "minecraft:uniform"
            },
            "entries": [
                {
                    "name": "minecraft:gold_ore",
                    "type": "minecraft:item",
                    "weight": 7,
                    "functions": [
                        {
                            "function": "minecraft:set_count",
                            "count": {
                                "min": 3.0,
                                "max": 5.0,
                                "type": "minecraft:uniform"
                            }
                        }
                    ]
                },
                {
                    "name": "minecraft:dead_bush",
                    "type": "minecraft:item",
                    "weight": 5,
                    "functions": [
                        {
                            "function": "minecraft:set_count",
                            "count": {
                                "min": 2.0,
                                "max": 5.0,
                                "type": "minecraft:uniform"
                            }
                        }
                    ]
                },
                {
                    "name": "minecraft:cobweb",
                    "type": "minecraft:item",
                    "weight": 5,
                    "functions": [
                        {
                            "function": "minecraft:set_count",
                            "count": {
                                "min": 3.0,
                                "max": 5.0,
                                "type": "minecraft:uniform"
                            }
                        }
                    ]
                }
            ]
        },
        {
            "rolls": {
                "min": 1.0,
                "max": 3.0,
                "type": "minecraft:uniform"
            },
            "entries": [
                {
                    "name": "minecraft:chiseled_red_sandstone",
                    "type": "minecraft:item",
                    "functions": [
                        {
                            "function": "minecraft:set_count",
                            "count": {
                                "min": 2.0,
                                "max": 3.0,
                                "type": "minecraft:uniform"
                            }
                        }
                    ]
                }
            ]
        },
        {
            "rolls": {
                "min": 2.0,
                "max": 3.0,
                "type": "minecraft:uniform"
            },
            "entries": [
                {
                    "name": "minecraft:experience_bottle",
                    "type": "minecraft:item",
                    "weight": 7
                },
                {
                    "name": "minecraft:string",
                    "type": "minecraft:item",
                    "weight": 4,
                    "functions": [
                        {
                            "function": "minecraft:set_count",
                            "count": {
                                "min": 1.0,
                                "max": 6.0,
                                "type": "minecraft:uniform"
                            }
                        }
                    ]
                },
                {
                    "name": "minecraft:arrow",
                    "type": "minecraft:item",
                    "weight": 4,
                    "functions": [
                        {
                            "function": "minecraft:set_count",
                            "count": {
                                "min": 2.0,
                                "max": 7.0,
                                "type": "minecraft:uniform"
                            }
                        }
                    ]
                },
                {
                    "name": "minecraft:tripwire_hook",
                    "type": "minecraft:item",
                    "weight": 3,
                    "functions": [
                        {
                            "function": "minecraft:set_count",
                            "count": {
                                "min": 1.0,
                                "max": 3.0,
                                "type": "minecraft:uniform"
                            }
                        }
                    ]
                },
                {
                    "name": "minecraft:iron_ingot",
                    "type": "minecraft:item",
                    "weight": 3,
                    "functions": [
                        {
                            "function": "minecraft:set_count",
                            "count": {
                                "min": 1.0,
                                "max": 3.0,
                                "type": "minecraft:uniform"
                            }
                        }
                    ]
                },
                {
                    "name": "minecraft:book",
                    "type": "minecraft:item",
                    "functions": [
                        {
                            "function": "minecraft:enchant_randomly"
                        }
                    ]
                }
            ]
        },
        {
            "rolls": 1,
            "bonus_rolls": 0.0,
            "entries": [
                {
                    "type": "minecraft:empty",
                    "weight": 3
                },
                {
                    "name": "minecraft:sentry_armor_trim_smithing_template",
                    "type": "minecraft:item",
                    "functions": [
                        {
                            "add": false,
                            "count": 2.0,
                            "function": "minecraft:set_count"
                        }
                    ]
                }
            ]
        },
        {
            "rolls": 1,
            "entries": [
                {
                    "type": "minecraft:loot_table",
                    "name": "repurposed_structures:chests/lucky_pool"
                }
            ]
        },
        {
            "rolls": 0,
            "bonus_rolls": 1,
            "entries": [
                {
                    "type": "minecraft:empty",
                    "weight": 130
                },
                {
                    "name": "minecraft:orange_banner",
                    "type": "minecraft:item",
                    "weight": 30,
                    "functions": [
                        {
                            "function": "set_nbt",
                            "tag": "{BlockEntityTag:{Patterns:[{Pattern:gra,Color:14},{Pattern:tt,Color:14},{Pattern:bt,Color:1},{Pattern:bts,Color:15},{Pattern:tts,Color:15},{Pattern:ms,Color:15},{Pattern:mr,Color:15},{Pattern:flo,Color:0},{Pattern:flo,Color:1},{Pattern:flo,Color:14},{Pattern:sc,Color:15},{Pattern:flo,Color:15}]}}"
                        }
                    ]
                },
                {
                    "name": "minecraft:experience_bottle",
                    "type": "minecraft:item",
                    "weight": 10,
                    "functions": [
                        {
                            "function": "minecraft:set_count",
                            "count": 2
                        }
                    ]
                }
            ]
        }
    ]
}