{
  "variants": {
    "": [
      {
        "model": "minecraft:block/sculk_0",
		"weight": 1
      },
      {
        "model": "minecraft:block/sculk_mirrored_0",
		"weight": 1
      },
      {
        "model": "minecraft:block/sculk_0",
        "y": 180,
		"weight": 1
      },
      {
        "model": "minecraft:block/sculk_mirrored_0",
        "y": 180,
		"weight": 1
      },
	  
	  {
        "model": "minecraft:block/sculk_1",
		"weight": 1
      },
      {
        "model": "minecraft:block/sculk_mirrored_1",
		"weight": 1
      },
      {
        "model": "minecraft:block/sculk_1",
        "y": 180,
		"weight": 1
      },
      {
        "model": "minecraft:block/sculk_mirrored_1",
        "y": 180,
		"weight": 1
      },
	  
	  {
        "model": "minecraft:block/sculk_2",
		"weight": 1
      },
      {
        "model": "minecraft:block/sculk_mirrored_2",
		"weight": 1
      },
      {
        "model": "minecraft:block/sculk_2",
        "y": 180,
		"weight": 1
      },
      {
        "model": "minecraft:block/sculk_mirrored_2",
        "y": 180,
		"weight": 1
      },
	  
	  {
        "model": "minecraft:block/sculk_3",
		"weight": 1
      },
      {
        "model": "minecraft:block/sculk_mirrored_3",
		"weight": 1
      },
      {
        "model": "minecraft:block/sculk_3",
        "y": 180,
		"weight": 1
      },
      {
        "model": "minecraft:block/sculk_mirrored_3",
        "y": 180,
		"weight": 1
      }
    ]
  }
}